{"cameraMode":{"drawMode":0,"name":"Shaded","section":"Shading Mode"},"sceneLighting":false,"audioPlay":false,"sceneViewState":{"showFog":true,"showMaterialUpdate":false,"showSkybox":true,"showFlares":true,"showImageEffects":true,"showParticleSystems":true},"in2DMode":false,"pivot":{"x":-3.192107677459717,"y":83.07769775390625,"z":-70.48490905761719},"rotation":{"x":0.5083420872688294,"y":0.05133362486958504,"z":-0.03037545643746853,"w":0.8590870499610901},"size":56.40977478027344,"orthographic":false}