{"cameraMode":{"drawMode":0,"name":"Shaded","section":"Shading Mode"},"sceneLighting":false,"audioPlay":false,"sceneViewState":{"showFog":true,"showMaterialUpdate":false,"showSkybox":true,"showFlares":true,"showImageEffects":true,"showParticleSystems":true},"in2DMode":false,"pivot":{"x":20.098203659057618,"y":-146.29498291015626,"z":4.90506649017334},"rotation":{"x":-0.6903308033943176,"y":-0.019950656220316888,"z":0.01905033178627491,"w":-0.722967803478241},"size":417.7240905761719,"orthographic":false}