{"cameraMode":{"drawMode":0,"name":"Shaded","section":"Shading Mode"},"sceneLighting":false,"audioPlay":false,"sceneViewState":{"showFog":true,"showMaterialUpdate":false,"showSkybox":true,"showFlares":true,"showImageEffects":true,"showParticleSystems":true},"in2DMode":false,"pivot":{"x":-0.32552164793014529,"y":1.314562439918518,"z":4.5933122634887699},"rotation":{"x":-0.028372369706630708,"y":0.9622479677200317,"z":-0.11047670990228653,"w":-0.24712100625038148},"size":85.04153442382813,"orthographic":false}